Implementation,Threads,Size,avg_time,std_time,runs,Pixels,FLOPs,GFLOPS,baseline_avg_time,baseline_std_time,Speedup,Efficiency,std_GFLOPS,std_Speedup,std_Efficiency,cycles,instructions,cache_misses,cache_miss_rate,cache_refs,branches,branch_misses,branch_miss_rate,time_perf,IPC
mpi_conv,1,1024x1024,0.5183013641538461,0.01706642026889263,13,1048576,10485760,0.0202310098433149,0.009309020692307692,0.0003185941061921852,0.017960633207101725,0.017960633207101725,0.000666158610278382,0.0008529930165417037,0.0008529930165417037,1784976966,1258271252,13161384,22.63,58166386,278791571,20117094,7.22,0.505873664,0.7049229631347523
mpi_conv,1,1024x1024,0.5183013641538461,0.01706642026889263,13,1048576,10485760,0.0202310098433149,0.009309020692307692,0.0003185941061921852,0.017960633207101725,0.017960633207101725,0.000666158610278382,0.0008529930165417037,0.0008529930165417037,1955436153,1267852753,12919421,22.25,58074870,279252100,19802889,7.09,0.535245598,0.6483733826107694
mpi_conv,1,1024x1024,0.5183013641538461,0.01706642026889263,13,1048576,10485760,0.0202310098433149,0.009309020692307692,0.0003185941061921852,0.017960633207101725,0.017960633207101725,0.000666158610278382,0.0008529930165417037,0.0008529930165417037,1937831303,1271747050,12436654,21.19,58691432,279831371,20365328,7.28,0.5168264,0.6562733546677566
mpi_conv,1,1024x1024,0.5183013641538461,0.01706642026889263,13,1048576,10485760,0.0202310098433149,0.009309020692307692,0.0003185941061921852,0.017960633207101725,0.017960633207101725,0.000666158610278382,0.0008529930165417037,0.0008529930165417037,1993997642,1274350109,12949905,22.76,56896144,279503157,20142446,7.21,0.532633313,0.6390930872525074
mpi_conv,1,1024x1024,0.5183013641538461,0.01706642026889263,13,1048576,10485760,0.0202310098433149,0.009309020692307692,0.0003185941061921852,0.017960633207101725,0.017960633207101725,0.000666158610278382,0.0008529930165417037,0.0008529930165417037,1728116240,1240502170,12674604,22.58,56133310,271631964,19686581,7.25,0.498370647,0.717834912540374
mpi_conv,1,1024x1024,0.5183013641538461,0.01706642026889263,13,1048576,10485760,0.0202310098433149,0.009309020692307692,0.0003185941061921852,0.017960633207101725,0.017960633207101725,0.000666158610278382,0.0008529930165417037,0.0008529930165417037,1768614444,1280567582,12713834,22.24,57164732,273925349,20010314,7.31,0.497867072,0.7240512969597799
mpi_conv,1,1024x1024,0.5183013641538461,0.01706642026889263,13,1048576,10485760,0.0202310098433149,0.009309020692307692,0.0003185941061921852,0.017960633207101725,0.017960633207101725,0.000666158610278382,0.0008529930165417037,0.0008529930165417037,1917646739,1260407528,13250351,23.21,57077941,274513095,20232065,7.37,0.522773459,0.657267838943719
mpi_conv,1,2048x2048,0.5273188694615385,0.01580244862863621,13,4194304,41943040,0.07954018418273051,0.03461150430769231,0.0004891789418977792,0.0656367642277531,0.0656367642277531,0.0023836235478228774,0.0021747540619292396,0.0021747540619292396,1841535958,1501429395,12365094,21.75,56861096,287727561,20002185,6.95,0.503010943,0.8153136453716752
mpi_conv,1,2048x2048,0.5273188694615385,0.01580244862863621,13,4194304,41943040,0.07954018418273051,0.03461150430769231,0.0004891789418977792,0.0656367642277531,0.0656367642277531,0.0023836235478228774,0.0021747540619292396,0.0021747540619292396,2036496607,1460472909,13213783,22.57,58556087,284991723,21053382,7.39,0.541804648,0.717149689314459
mpi_conv,1,2048x2048,0.5273188694615385,0.01580244862863621,13,4194304,41943040,0.07954018418273051,0.03461150430769231,0.0004891789418977792,0.0656367642277531,0.0656367642277531,0.0023836235478228774,0.0021747540619292396,0.0021747540619292396,1981512199,1450496256,12913525,22.36,57743494,283025054,20504677,7.24,0.527657153,0.7320147999755009
mpi_conv,1,2048x2048,0.5273188694615385,0.01580244862863621,13,4194304,41943040,0.07954018418273051,0.03461150430769231,0.0004891789418977792,0.0656367642277531,0.0656367642277531,0.0023836235478228774,0.0021747540619292396,0.0021747540619292396,1867428477,1451488254,12955040,21.87,59245878,289806744,20549831,7.09,0.516185271,0.7772657811943605
mpi_conv,1,2048x2048,0.5273188694615385,0.01580244862863621,13,4194304,41943040,0.07954018418273051,0.03461150430769231,0.0004891789418977792,0.0656367642277531,0.0656367642277531,0.0023836235478228774,0.0021747540619292396,0.0021747540619292396,1937910848,1462161320,12918534,22.55,57299504,283615572,20664777,7.29,0.526714096,0.7545039141036894
mpi_conv,1,2048x2048,0.5273188694615385,0.01580244862863621,13,4194304,41943040,0.07954018418273051,0.03461150430769231,0.0004891789418977792,0.0656367642277531,0.0656367642277531,0.0023836235478228774,0.0021747540619292396,0.0021747540619292396,2005145802,1470940265,12880320,22.11,58262333,284641931,20344692,7.15,0.539709295,0.733582696845703
mpi_conv,1,2048x2048,0.5273188694615385,0.01580244862863621,13,4194304,41943040,0.07954018418273051,0.03461150430769231,0.0004891789418977792,0.0656367642277531,0.0656367642277531,0.0023836235478228774,0.0021747540619292396,0.0021747540619292396,2039613232,1478527544,12642493,21.54,58694018,287089916,20454969,7.12,0.532035804,0.7249058403833694
mpi_conv,1,512x512,0.5150900066153846,0.26421259084948373,13,262144,2621440,0.005089285302243143,0.002991732307692308,0.00014289745264255336,0.005808173851693886,0.005808173851693886,0.002610520953635789,0.0029921594468517933,0.0029921594468517933,1462632252,1160074094,12164169,21.62,56267876,263644039,18152253,6.89,0.438751547,0.7931413329726029
mpi_conv,1,512x512,0.5150900066153846,0.26421259084948373,13,262144,2621440,0.005089285302243143,0.002991732307692308,0.00014289745264255336,0.005808173851693886,0.005808173851693886,0.002610520953635789,0.0029921594468517933,0.0029921594468517933,1402038479,1127676557,12099374,21.59,56034231,255365402,18033550,7.06,0.444459248,0.8043121311508598
mpi_conv,1,512x512,0.5150900066153846,0.26421259084948373,13,262144,2621440,0.005089285302243143,0.002991732307692308,0.00014289745264255336,0.005808173851693886,0.005808173851693886,0.002610520953635789,0.0029921594468517933,0.0029921594468517933,1507846571,1141697591,12281393,22.43,54743324,260597233,18189660,6.98,0.442075035,0.7571709303572107
mpi_conv,1,512x512,0.5150900066153846,0.26421259084948373,13,262144,2621440,0.005089285302243143,0.002991732307692308,0.00014289745264255336,0.005808173851693886,0.005808173851693886,0.002610520953635789,0.0029921594468517933,0.0029921594468517933,1430781056,1148896177,12404178,22.39,55391077,263461451,18161065,6.89,0.435205167,0.8029853150362092
mpi_conv,1,512x512,0.5150900066153846,0.26421259084948373,13,262144,2621440,0.005089285302243143,0.002991732307692308,0.00014289745264255336,0.005808173851693886,0.005808173851693886,0.002610520953635789,0.0029921594468517933,0.0029921594468517933,5062367059,1889257783,13745557,22.79,60326258,445575921,40037121,8.99,1.393675834,0.37319652269015763
mpi_conv,1,512x512,0.5150900066153846,0.26421259084948373,13,262144,2621440,0.005089285302243143,0.002991732307692308,0.00014289745264255336,0.005808173851693886,0.005808173851693886,0.002610520953635789,0.0029921594468517933,0.0029921594468517933,1427376063,1181555779,12233610,22.28,54898259,258563487,18231718,7.05,0.432686407,0.8277816965184739
mpi_conv,1,512x512,0.5150900066153846,0.26421259084948373,13,262144,2621440,0.005089285302243143,0.002991732307692308,0.00014289745264255336,0.005808173851693886,0.005808173851693886,0.002610520953635789,0.0029921594468517933,0.0029921594468517933,1431039408,1122902748,12059517,21.72,55533191,262420795,18085355,6.89,0.44170869,0.7846763280749568
mpi_conv,2,1024x1024,0.5189419824615384,0.013143896966818957,13,1048576,10485760,0.02020603526864808,0.009309020692307692,0.0003185941061921852,0.017938461344274903,0.008969230672137452,0.0005117836957789484,0.0007637696600785759,0.00038188483003928793,1863436180,1269246622,12703743,22.09,57516143,275096188,20017822,7.28,0.507535166,0.6811323272686484
mpi_conv,2,1024x1024,0.5189419824615384,0.013143896966818957,13,1048576,10485760,0.02020603526864808,0.009309020692307692,0.0003185941061921852,0.017938461344274903,0.008969230672137452,0.0005117836957789484,0.0007637696600785759,0.00038188483003928793,2053145729,1277959048,12835701,21.62,59359475,280972460,19664983,7.0,0.531384994,0.6224395228985716
mpi_conv,2,1024x1024,0.5189419824615384,0.013143896966818957,13,1048576,10485760,0.02020603526864808,0.009309020692307692,0.0003185941061921852,0.017938461344274903,0.008969230672137452,0.0005117836957789484,0.0007637696600785759,0.00038188483003928793,1778591314,1234175762,12529928,22.03,56878300,273032213,19662528,7.2,0.508527379,0.6939063247893495
mpi_conv,2,1024x1024,0.5189419824615384,0.013143896966818957,13,1048576,10485760,0.02020603526864808,0.009309020692307692,0.0003185941061921852,0.017938461344274903,0.008969230672137452,0.0005117836957789484,0.0007637696600785759,0.00038188483003928793,1830852601,1258651062,12887005,22.64,56931838,276196588,20325985,7.36,0.511133175,0.6874671731151557
mpi_conv,2,1024x1024,0.5189419824615384,0.013143896966818957,13,1048576,10485760,0.02020603526864808,0.009309020692307692,0.0003185941061921852,0.017938461344274903,0.008969230672137452,0.0005117836957789484,0.0007637696600785759,0.00038188483003928793,2232685039,1279631490,12746764,22.44,56795675,278292540,19702325,7.08,0.543147061,0.5731356943087395
mpi_conv,2,1024x1024,0.5189419824615384,0.013143896966818957,13,1048576,10485760,0.02020603526864808,0.009309020692307692,0.0003185941061921852,0.017938461344274903,0.008969230672137452,0.0005117836957789484,0.0007637696600785759,0.00038188483003928793,2002123489,1278832749,12467216,21.29,58568174,279947662,20722335,7.4,0.5391926,0.6387381977316186
mpi_conv,2,1024x1024,0.5189419824615384,0.013143896966818957,13,1048576,10485760,0.02020603526864808,0.009309020692307692,0.0003185941061921852,0.017938461344274903,0.008969230672137452,0.0005117836957789484,0.0007637696600785759,0.00038188483003928793,1862446887,1295584803,12212963,21.92,55710330,281405751,19675198,6.99,0.524902547,0.6956358390906425
mpi_conv,2,2048x2048,0.5443041883846154,0.017990929469202756,13,4194304,41943040,0.0770580879130812,0.03461150430769231,0.0004891789418977792,0.06358853201260907,0.031794266006304535,0.0025470070858544477,0.002285881359051819,0.0011429406795259096,2224954670,1474435996,13132900,22.8,57603743,291728552,20374550,6.98,0.570376855,0.6626813642005569
mpi_conv,2,2048x2048,0.5443041883846154,0.017990929469202756,13,4194304,41943040,0.0770580879130812,0.03461150430769231,0.0004891789418977792,0.06358853201260907,0.031794266006304535,0.0025470070858544477,0.002285881359051819,0.0011429406795259096,1998375984,1487687355,12873963,22.46,57332102,286266622,20474961,7.15,0.539066185,0.7444481753739891
mpi_conv,2,2048x2048,0.5443041883846154,0.017990929469202756,13,4194304,41943040,0.0770580879130812,0.03461150430769231,0.0004891789418977792,0.06358853201260907,0.031794266006304535,0.0025470070858544477,0.002285881359051819,0.0011429406795259096,2061046533,1466229239,13356578,22.35,59747790,290862206,21021286,7.23,0.545049988,0.7114003568205707
mpi_conv,2,2048x2048,0.5443041883846154,0.017990929469202756,13,4194304,41943040,0.0770580879130812,0.03461150430769231,0.0004891789418977792,0.06358853201260907,0.031794266006304535,0.0025470070858544477,0.002285881359051819,0.0011429406795259096,1923140205,1429828250,12817063,21.95,58393851,282191816,20217104,7.16,0.532056239,0.7434862243962083
mpi_conv,2,2048x2048,0.5443041883846154,0.017990929469202756,13,4194304,41943040,0.0770580879130812,0.03461150430769231,0.0004891789418977792,0.06358853201260907,0.031794266006304535,0.0025470070858544477,0.002285881359051819,0.0011429406795259096,2108291864,1456466578,12394346,20.96,59129756,277798796,20388740,7.34,0.552232789,0.6908277752572117
mpi_conv,2,2048x2048,0.5443041883846154,0.017990929469202756,13,4194304,41943040,0.0770580879130812,0.03461150430769231,0.0004891789418977792,0.06358853201260907,0.031794266006304535,0.0025470070858544477,0.002285881359051819,0.0011429406795259096,1915530002,1443155692,12751498,21.56,59144906,286219420,20849842,7.28,0.516204801,0.7533975925687433
mpi_conv,2,2048x2048,0.5443041883846154,0.017990929469202756,13,4194304,41943040,0.0770580879130812,0.03461150430769231,0.0004891789418977792,0.06358853201260907,0.031794266006304535,0.0025470070858544477,0.002285881359051819,0.0011429406795259096,1904036659,1444226446,12475551,21.74,57372756,288174197,20595328,7.15,0.524275353,0.7585076890055823
mpi_conv,2,2048x2048,0.5443041883846154,0.017990929469202756,13,4194304,41943040,0.0770580879130812,0.03461150430769231,0.0004891789418977792,0.06358853201260907,0.031794266006304535,0.0025470070858544477,0.002285881359051819,0.0011429406795259096,2368812164,1492820241,12272621,20.69,59325549,287963660,20393834,7.08,0.55955791,0.6301978112435934
mpi_conv,2,512x512,0.44997306415384614,0.024454929485915804,13,262144,2621440,0.0058257709379326925,0.002991732307692308,0.00014289745264255336,0.006648691990748656,0.003324345995374328,0.00031661632403741255,0.00048105784184354514,0.00024052892092177257,1413928661,1151630878,12415539,22.26,55773252,256049830,18292436,7.14,0.435765139,0.8144900869224264
mpi_conv,2,512x512,0.44997306415384614,0.024454929485915804,13,262144,2621440,0.0058257709379326925,0.002991732307692308,0.00014289745264255336,0.006648691990748656,0.003324345995374328,0.00031661632403741255,0.00048105784184354514,0.00024052892092177257,1486049181,1155371691,12135517,21.99,55176877,260205300,18195447,6.99,0.437719228,0.7774787710744009
mpi_conv,2,512x512,0.44997306415384614,0.024454929485915804,13,262144,2621440,0.0058257709379326925,0.002991732307692308,0.00014289745264255336,0.006648691990748656,0.003324345995374328,0.00031661632403741255,0.00048105784184354514,0.00024052892092177257,1410838749,1156351510,12573706,22.68,55443915,261164120,18295616,7.01,0.437239975,0.819619896901485
mpi_conv,2,512x512,0.44997306415384614,0.024454929485915804,13,262144,2621440,0.0058257709379326925,0.002991732307692308,0.00014289745264255336,0.006648691990748656,0.003324345995374328,0.00031661632403741255,0.00048105784184354514,0.00024052892092177257,1475349934,1145835916,12368076,21.91,56461745,260605155,18446002,7.08,0.443125265,0.7766536532071313
mpi_conv,2,512x512,0.44997306415384614,0.024454929485915804,13,262144,2621440,0.0058257709379326925,0.002991732307692308,0.00014289745264255336,0.006648691990748656,0.003324345995374328,0.00031661632403741255,0.00048105784184354514,0.00024052892092177257,1823197707,1207603681,12162931,22.1,55026153,274601985,19707812,7.18,0.502332531,0.6623547607390666
mpi_conv,2,512x512,0.44997306415384614,0.024454929485915804,13,262144,2621440,0.0058257709379326925,0.002991732307692308,0.00014289745264255336,0.006648691990748656,0.003324345995374328,0.00031661632403741255,0.00048105784184354514,0.00024052892092177257,1535708142,1169245414,12525296,22.52,55621554,257365937,18185925,7.07,0.439036177,0.7613721527042604
mpi_conv,4,1024x1024,0.5283750178461539,0.017133158716302065,13,1048576,10485760,0.019845298596333563,0.009309020692307692,0.0003185941061921852,0.017618207481221573,0.004404551870305393,0.0006435062959815986,0.0008306293214730517,0.00020765733036826292,1941164013,1261210541,12715918,22.09,57567868,274239265,20173002,7.36,0.526906799,0.6497186907204425
mpi_conv,4,1024x1024,0.5283750178461539,0.017133158716302065,13,1048576,10485760,0.019845298596333563,0.009309020692307692,0.0003185941061921852,0.017618207481221573,0.004404551870305393,0.0006435062959815986,0.0008306293214730517,0.00020765733036826292,2001287281,1263019185,12484531,22.06,56593568,275712285,20542804,7.45,0.544266767,0.6311033887992815
mpi_conv,4,1024x1024,0.5283750178461539,0.017133158716302065,13,1048576,10485760,0.019845298596333563,0.009309020692307692,0.0003185941061921852,0.017618207481221573,0.004404551870305393,0.0006435062959815986,0.0008306293214730517,0.00020765733036826292,2147543506,1231358784,11959897,20.53,58249285,284780228,20445949,7.18,0.542747194,0.573380134353376
mpi_conv,4,1024x1024,0.5283750178461539,0.017133158716302065,13,1048576,10485760,0.019845298596333563,0.009309020692307692,0.0003185941061921852,0.017618207481221573,0.004404551870305393,0.0006435062959815986,0.0008306293214730517,0.00020765733036826292,1893698390,1248538467,12627762,21.9,57658260,272904184,20164608,7.39,0.527918319,0.6593122081072266
mpi_conv,4,1024x1024,0.5283750178461539,0.017133158716302065,13,1048576,10485760,0.019845298596333563,0.009309020692307692,0.0003185941061921852,0.017618207481221573,0.004404551870305393,0.0006435062959815986,0.0008306293214730517,0.00020765733036826292,1788168865,1277367055,12639198,22.12,57146761,276740623,19865264,7.18,0.50894468,0.7143436394638266
mpi_conv,4,1024x1024,0.5283750178461539,0.017133158716302065,13,1048576,10485760,0.019845298596333563,0.009309020692307692,0.0003185941061921852,0.017618207481221573,0.004404551870305393,0.0006435062959815986,0.0008306293214730517,0.00020765733036826292,2013154198,1266177123,12880991,22.72,56688766,271295154,20845487,7.68,0.533517566,0.6289518827012376
mpi_conv,4,1024x1024,0.5283750178461539,0.017133158716302065,13,1048576,10485760,0.019845298596333563,0.009309020692307692,0.0003185941061921852,0.017618207481221573,0.004404551870305393,0.0006435062959815986,0.0008306293214730517,0.00020765733036826292,1867162862,1285711432,12764306,22.12,57708061,278013350,20749976,7.46,0.520082798,0.6885909409224314
mpi_conv,4,2048x2048,0.5304377075384615,0.017660914133835443,13,4194304,41943040,0.07907250823973284,0.03461150430769231,0.0004891789418977792,0.06525083683871148,0.01631270920967787,0.0026327177697254094,0.0023601593222937712,0.0005900398305734428,2047053250,1461438713,12724816,21.72,58584110,287475261,20597752,7.17,0.538365182,0.7139231541729557
mpi_conv,4,2048x2048,0.5304377075384615,0.017660914133835443,13,4194304,41943040,0.07907250823973284,0.03461150430769231,0.0004891789418977792,0.06525083683871148,0.01631270920967787,0.0026327177697254094,0.0023601593222937712,0.0005900398305734428,1887529461,1453634715,12345733,21.47,57498050,293822481,20480355,6.97,0.514813195,0.7701255768637775
mpi_conv,4,2048x2048,0.5304377075384615,0.017660914133835443,13,4194304,41943040,0.07907250823973284,0.03461150430769231,0.0004891789418977792,0.06525083683871148,0.01631270920967787,0.0026327177697254094,0.0023601593222937712,0.0005900398305734428,2066873842,1439746273,13101381,22.02,59496318,283996974,20676104,7.28,0.5361792,0.6965815928111204
mpi_conv,4,2048x2048,0.5304377075384615,0.017660914133835443,13,4194304,41943040,0.07907250823973284,0.03461150430769231,0.0004891789418977792,0.06525083683871148,0.01631270920967787,0.0026327177697254094,0.0023601593222937712,0.0005900398305734428,1915315245,1453600067,12457807,21.5,57943306,284871173,20308411,7.13,0.51607561,0.7589351522130238
mpi_conv,4,2048x2048,0.5304377075384615,0.017660914133835443,13,4194304,41943040,0.07907250823973284,0.03461150430769231,0.0004891789418977792,0.06525083683871148,0.01631270920967787,0.0026327177697254094,0.0023601593222937712,0.0005900398305734428,1945097621,1465269613,12785706,21.92,58326909,294176913,20666418,7.03,0.531120305,0.7533141767181257
mpi_conv,4,2048x2048,0.5304377075384615,0.017660914133835443,13,4194304,41943040,0.07907250823973284,0.03461150430769231,0.0004891789418977792,0.06525083683871148,0.01631270920967787,0.0026327177697254094,0.0023601593222937712,0.0005900398305734428,1877314427,1470254040,12661644,22.15,57175644,284560438,20461362,7.19,0.506767414,0.7831687749555658
mpi_conv,4,2048x2048,0.5304377075384615,0.017660914133835443,13,4194304,41943040,0.07907250823973284,0.03461150430769231,0.0004891789418977792,0.06525083683871148,0.01631270920967787,0.0026327177697254094,0.0023601593222937712,0.0005900398305734428,1890385052,1445998371,12612472,21.5,58674373,282786308,20211320,7.15,0.525095636,0.7649226645492962
mpi_conv,4,2048x2048,0.5304377075384615,0.017660914133835443,13,4194304,41943040,0.07907250823973284,0.03461150430769231,0.0004891789418977792,0.06525083683871148,0.01631270920967787,0.0026327177697254094,0.0023601593222937712,0.0005900398305734428,2041917671,1474936003,12563120,21.97,57179293,288746356,20465994,7.09,0.522378345,0.7223288303674218
mpi_conv,4,512x512,0.533299246,0.016018830593811845,13,262144,2621440,0.004915514168943715,0.002991732307692308,0.00014289745264255336,0.005609856623896872,0.001402464155974218,0.00014764841567728597,0.0003165294631112095,7.913236577780238e-05,1783221234,1201638313,12745610,22.93,55595718,269766476,19922417,7.39,0.521114874,0.6738582347993732
mpi_conv,4,512x512,0.533299246,0.016018830593811845,13,262144,2621440,0.004915514168943715,0.002991732307692308,0.00014289745264255336,0.005609856623896872,0.001402464155974218,0.00014764841567728597,0.0003165294631112095,7.913236577780238e-05,1859923721,1201613203,12364251,21.97,56281156,278686067,19902873,7.14,0.519447892,0.646055098621972
mpi_conv,4,512x512,0.533299246,0.016018830593811845,13,262144,2621440,0.004915514168943715,0.002991732307692308,0.00014289745264255336,0.005609856623896872,0.001402464155974218,0.00014764841567728597,0.0003165294631112095,7.913236577780238e-05,1844767560,1179632403,12173682,21.49,56636039,270092481,19653837,7.28,0.526088831,0.6394477161122673
mpi_conv,4,512x512,0.533299246,0.016018830593811845,13,262144,2621440,0.004915514168943715,0.002991732307692308,0.00014289745264255336,0.005609856623896872,0.001402464155974218,0.00014764841567728597,0.0003165294631112095,7.913236577780238e-05,2042102076,1229160925,12278391,22.12,55514234,286517489,20462055,7.14,0.534674681,0.6019096398000038
mpi_conv,4,512x512,0.533299246,0.016018830593811845,13,262144,2621440,0.004915514168943715,0.002991732307692308,0.00014289745264255336,0.005609856623896872,0.001402464155974218,0.00014764841567728597,0.0003165294631112095,7.913236577780238e-05,2241764913,1243556710,12878143,22.82,56441047,270525666,19461611,7.19,0.552847536,0.5547221757235167
mpi_conv,4,512x512,0.533299246,0.016018830593811845,13,262144,2621440,0.004915514168943715,0.002991732307692308,0.00014289745264255336,0.005609856623896872,0.001402464155974218,0.00014764841567728597,0.0003165294631112095,7.913236577780238e-05,1854810086,1207078913,12166157,21.81,55795088,275456979,20146412,7.31,0.527104909,0.6507830219982964
mpi_conv,4,512x512,0.533299246,0.016018830593811845,13,262144,2621440,0.004915514168943715,0.002991732307692308,0.00014289745264255336,0.005609856623896872,0.001402464155974218,0.00014764841567728597,0.0003165294631112095,7.913236577780238e-05,1882441151,1227995701,13030186,23.4,55685185,277773556,20573523,7.41,0.525585421,0.6523421464451401
mpi_conv,8,1024x1024,0.5259803174615385,0.014475660296667942,13,1048576,10485760,0.019935650920562736,0.009309020692307692,0.0003185941061921852,0.017698420232214105,0.002212302529026763,0.000548654960915194,0.0007772649659433657,9.715812074292071e-05,1915645059,1274759829,13274756,23.52,56435990,281960437,20680434,7.33,0.528153999,0.6654467762756879
mpi_conv,8,1024x1024,0.5259803174615385,0.014475660296667942,13,1048576,10485760,0.019935650920562736,0.009309020692307692,0.0003185941061921852,0.017698420232214105,0.002212302529026763,0.000548654960915194,0.0007772649659433657,9.715812074292071e-05,1787698069,1229612326,12712357,22.46,56601525,272930677,19863727,7.28,0.503062403,0.6878187918431992
mpi_conv,8,1024x1024,0.5259803174615385,0.014475660296667942,13,1048576,10485760,0.019935650920562736,0.009309020692307692,0.0003185941061921852,0.017698420232214105,0.002212302529026763,0.000548654960915194,0.0007772649659433657,9.715812074292071e-05,1971548916,1278359185,13113173,23.05,56900556,276396154,20437834,7.39,0.528437551,0.6484034834872948
mpi_conv,8,1024x1024,0.5259803174615385,0.014475660296667942,13,1048576,10485760,0.019935650920562736,0.009309020692307692,0.0003185941061921852,0.017698420232214105,0.002212302529026763,0.000548654960915194,0.0007772649659433657,9.715812074292071e-05,2008544993,1299441957,12708843,22.51,56469586,286922857,20707894,7.22,0.537481792,0.6469568575902944
mpi_conv,8,1024x1024,0.5259803174615385,0.014475660296667942,13,1048576,10485760,0.019935650920562736,0.009309020692307692,0.0003185941061921852,0.017698420232214105,0.002212302529026763,0.000548654960915194,0.0007772649659433657,9.715812074292071e-05,2137917819,1281726470,13235779,23.18,57096373,283490670,20738807,7.32,0.524463223,0.5995209257386334
mpi_conv,8,1024x1024,0.5259803174615385,0.014475660296667942,13,1048576,10485760,0.019935650920562736,0.009309020692307692,0.0003185941061921852,0.017698420232214105,0.002212302529026763,0.000548654960915194,0.0007772649659433657,9.715812074292071e-05,1834071546,1291618780,12530898,22.05,56832840,284012471,20081897,7.07,0.512027017,0.7042357659475952
mpi_conv,8,1024x1024,0.5259803174615385,0.014475660296667942,13,1048576,10485760,0.019935650920562736,0.009309020692307692,0.0003185941061921852,0.017698420232214105,0.002212302529026763,0.000548654960915194,0.0007772649659433657,9.715812074292071e-05,1909516344,1267190779,12837241,22.16,57927413,276309481,20451010,7.4,0.519655641,0.6636187131792364
mpi_conv,8,2048x2048,0.5341704636153847,0.012320010171545402,13,4194304,41943040,0.07851995356710696,0.03461150430769231,0.0004891789418977792,0.06479486730403239,0.008099358413004049,0.0018109698916497136,0.0017526900913821604,0.00021908626142277005,1943899514,1449201018,12375641,21.39,57850723,287271213,20531816,7.15,0.523766908,0.7455123104681223
mpi_conv,8,2048x2048,0.5341704636153847,0.012320010171545402,13,4194304,41943040,0.07851995356710696,0.03461150430769231,0.0004891789418977792,0.06479486730403239,0.008099358413004049,0.0018109698916497136,0.0017526900913821604,0.00021908626142277005,1983060109,1439239651,12470846,21.45,58149405,286197425,20563472,7.19,0.525612382,0.7257670327127739
mpi_conv,8,2048x2048,0.5341704636153847,0.012320010171545402,13,4194304,41943040,0.07851995356710696,0.03461150430769231,0.0004891789418977792,0.06479486730403239,0.008099358413004049,0.0018109698916497136,0.0017526900913821604,0.00021908626142277005,2020651537,1444621945,12862352,22.05,58320318,283988949,20761726,7.31,0.53558609,0.7149287833887412
mpi_conv,8,2048x2048,0.5341704636153847,0.012320010171545402,13,4194304,41943040,0.07851995356710696,0.03461150430769231,0.0004891789418977792,0.06479486730403239,0.008099358413004049,0.0018109698916497136,0.0017526900913821604,0.00021908626142277005,1982222336,1509720669,12265215,21.37,57406178,290599532,20221922,6.96,0.534619819,0.7616303386261509
mpi_conv,8,2048x2048,0.5341704636153847,0.012320010171545402,13,4194304,41943040,0.07851995356710696,0.03461150430769231,0.0004891789418977792,0.06479486730403239,0.008099358413004049,0.0018109698916497136,0.0017526900913821604,0.00021908626142277005,1915823375,1447759687,12593626,21.42,58804399,285581514,20442253,7.16,0.524310529,0.7556853653067053
mpi_conv,8,2048x2048,0.5341704636153847,0.012320010171545402,13,4194304,41943040,0.07851995356710696,0.03461150430769231,0.0004891789418977792,0.06479486730403239,0.008099358413004049,0.0018109698916497136,0.0017526900913821604,0.00021908626142277005,2050749074,1591644421,12666687,22.11,57279011,302507679,20788721,6.87,0.535619884,0.7761283138826374
mpi_conv,8,2048x2048,0.5341704636153847,0.012320010171545402,13,4194304,41943040,0.07851995356710696,0.03461150430769231,0.0004891789418977792,0.06479486730403239,0.008099358413004049,0.0018109698916497136,0.0017526900913821604,0.00021908626142277005,1918130835,1430943822,12734957,21.94,58053411,283589108,20313006,7.16,0.532662977,0.7460094983562474
mpi_conv,8,2048x2048,0.5341704636153847,0.012320010171545402,13,4194304,41943040,0.07851995356710696,0.03461150430769231,0.0004891789418977792,0.06479486730403239,0.008099358413004049,0.0018109698916497136,0.0017526900913821604,0.00021908626142277005,2055105885,1513645895,13448643,23.14,58125617,298449509,20934619,7.01,0.535692746,0.736529395418475
mpi_conv,8,512x512,0.5244102032307693,0.019794821774754213,13,262144,2621440,0.004998834850752175,0.002991732307692308,0.00014289745264255336,0.005704946794057288,0.000713118349257161,0.00018869015961637476,0.0003473105788318139,4.341382235397674e-05,1862634427,1208978022,12746258,22.92,55622342,278059842,20231249,7.28,0.524856557,0.64906886959413
mpi_conv,8,512x512,0.5244102032307693,0.019794821774754213,13,262144,2621440,0.004998834850752175,0.002991732307692308,0.00014289745264255336,0.005704946794057288,0.000713118349257161,0.00018869015961637476,0.0003473105788318139,4.341382235397674e-05,2230115490,1231896864,12523392,22.22,56350163,277993672,19835338,7.14,0.537543364,0.5523915104504297
mpi_conv,8,512x512,0.5244102032307693,0.019794821774754213,13,262144,2621440,0.004998834850752175,0.002991732307692308,0.00014289745264255336,0.005704946794057288,0.000713118349257161,0.00018869015961637476,0.0003473105788318139,4.341382235397674e-05,1867707615,1238495019,12429478,22.53,55173748,278077400,20125386,7.24,0.52615149,0.6631096907531749
mpi_conv,8,512x512,0.5244102032307693,0.019794821774754213,13,262144,2621440,0.004998834850752175,0.002991732307692308,0.00014289745264255336,0.005704946794057288,0.000713118349257161,0.00018869015961637476,0.0003473105788318139,4.341382235397674e-05,1756189187,1218292439,12600694,22.85,55138705,268630783,20300985,7.56,0.506525615,0.6937136659411627
mpi_conv,8,512x512,0.5244102032307693,0.019794821774754213,13,262144,2621440,0.004998834850752175,0.002991732307692308,0.00014289745264255336,0.005704946794057288,0.000713118349257161,0.00018869015961637476,0.0003473105788318139,4.341382235397674e-05,2072206957,1195102121,12577118,21.97,57237259,274729780,19735918,7.18,0.567435882,0.5767291326587318
mpi_conv,8,512x512,0.5244102032307693,0.019794821774754213,13,262144,2621440,0.004998834850752175,0.002991732307692308,0.00014289745264255336,0.005704946794057288,0.000713118349257161,0.00018869015961637476,0.0003473105788318139,4.341382235397674e-05,1675216281,1229682526,12886320,23.24,55451135,271454799,20188072,7.44,0.500253565,0.7340440395349763
mpi_conv,8,512x512,0.5244102032307693,0.019794821774754213,13,262144,2621440,0.004998834850752175,0.002991732307692308,0.00014289745264255336,0.005704946794057288,0.000713118349257161,0.00018869015961637476,0.0003473105788318139,4.341382235397674e-05,2320081925,1256701087,12374482,22.39,55260754,277463979,20034903,7.22,0.556040181,0.5416623755646043
mpi_conv,16,1024x1024,0.5238635688461538,0.01363622353579078,13,1048576,10485760,0.02001620388128081,0.009309020692307692,0.0003185941061921852,0.01776993332980085,0.0011106208331125532,0.0005210238823522115,0.0007640791491296847,4.7754946820605294e-05,1831559067,1273049966,12821064,22.44,57138273,275457562,20394553,7.4,0.509776398,0.6950635602952138
mpi_conv,16,1024x1024,0.5238635688461538,0.01363622353579078,13,1048576,10485760,0.02001620388128081,0.009309020692307692,0.0003185941061921852,0.01776993332980085,0.0011106208331125532,0.0005210238823522115,0.0007640791491296847,4.7754946820605294e-05,1839408358,1247702554,13186766,22.96,57422138,279106353,20394098,7.31,0.500687204,0.6783173233792602
mpi_conv,16,1024x1024,0.5238635688461538,0.01363622353579078,13,1048576,10485760,0.02001620388128081,0.009309020692307692,0.0003185941061921852,0.01776993332980085,0.0011106208331125532,0.0005210238823522115,0.0007640791491296847,4.7754946820605294e-05,2113062652,1248361387,12824585,22.69,56527856,275166710,20259242,7.36,0.538264422,0.590782949960539
mpi_conv,16,1024x1024,0.5238635688461538,0.01363622353579078,13,1048576,10485760,0.02001620388128081,0.009309020692307692,0.0003185941061921852,0.01776993332980085,0.0011106208331125532,0.0005210238823522115,0.0007640791491296847,4.7754946820605294e-05,2056988922,1285698092,12683851,22.31,56847193,285625086,19894878,6.97,0.544038969,0.625038899455969
mpi_conv,16,1024x1024,0.5238635688461538,0.01363622353579078,13,1048576,10485760,0.02001620388128081,0.009309020692307692,0.0003185941061921852,0.01776993332980085,0.0011106208331125532,0.0005210238823522115,0.0007640791491296847,4.7754946820605294e-05,1767082354,1273470384,12342380,22.4,55094656,276577819,20028003,7.24,0.508896568,0.7206627246983419
mpi_conv,16,1024x1024,0.5238635688461538,0.01363622353579078,13,1048576,10485760,0.02001620388128081,0.009309020692307692,0.0003185941061921852,0.01776993332980085,0.0011106208331125532,0.0005210238823522115,0.0007640791491296847,4.7754946820605294e-05,1977962929,1243987845,13028515,22.79,57174242,280638506,20384879,7.26,0.531386252,0.6289237410677477
mpi_conv,16,1024x1024,0.5238635688461538,0.01363622353579078,13,1048576,10485760,0.02001620388128081,0.009309020692307692,0.0003185941061921852,0.01776993332980085,0.0011106208331125532,0.0005210238823522115,0.0007640791491296847,4.7754946820605294e-05,2035089318,1257819878,12536492,21.32,58799553,281440863,19538100,6.94,0.513430637,0.6180661786560466
mpi_conv,16,2048x2048,0.5394546385384615,0.019832259655738402,13,4194304,41943040,0.07775081907467848,0.03461150430769231,0.0004891789418977792,0.06416017554592704,0.00401001097162044,0.0028583949829646773,0.002527056743170444,0.00015794104644815276,1933182417,1454743565,12374928,21.37,57911703,291140860,20352798,6.99,0.524119658,0.7525123093440592
mpi_conv,16,2048x2048,0.5394546385384615,0.019832259655738402,13,4194304,41943040,0.07775081907467848,0.03461150430769231,0.0004891789418977792,0.06416017554592704,0.00401001097162044,0.0028583949829646773,0.002527056743170444,0.00015794104644815276,1921279489,1473245892,11936228,20.38,58572293,293533953,20734072,7.06,0.522788844,0.7668045697853176
mpi_conv,16,2048x2048,0.5394546385384615,0.019832259655738402,13,4194304,41943040,0.07775081907467848,0.03461150430769231,0.0004891789418977792,0.06416017554592704,0.00401001097162044,0.0028583949829646773,0.002527056743170444,0.00015794104644815276,1989584393,1495899343,13102586,21.63,60587657,288624577,20951925,7.26,0.531704387,0.7518652379175553
mpi_conv,16,2048x2048,0.5394546385384615,0.019832259655738402,13,4194304,41943040,0.07775081907467848,0.03461150430769231,0.0004891789418977792,0.06416017554592704,0.00401001097162044,0.0028583949829646773,0.002527056743170444,0.00015794104644815276,2218279208,1439869131,12676988,21.87,57969622,286362199,20624592,7.2,0.542857632,0.6490928309688236
mpi_conv,16,2048x2048,0.5394546385384615,0.019832259655738402,13,4194304,41943040,0.07775081907467848,0.03461150430769231,0.0004891789418977792,0.06416017554592704,0.00401001097162044,0.0028583949829646773,0.002527056743170444,0.00015794104644815276,2393490941,1462043676,13112860,21.52,60923639,292610610,20958184,7.16,0.581166199,0.6108415331579063
mpi_conv,16,2048x2048,0.5394546385384615,0.019832259655738402,13,4194304,41943040,0.07775081907467848,0.03461150430769231,0.0004891789418977792,0.06416017554592704,0.00401001097162044,0.0028583949829646773,0.002527056743170444,0.00015794104644815276,2024203975,1452848389,12661665,21.85,57945847,286421211,20526401,7.17,0.550213442,0.7177381365432799
mpi_conv,16,2048x2048,0.5394546385384615,0.019832259655738402,13,4194304,41943040,0.07775081907467848,0.03461150430769231,0.0004891789418977792,0.06416017554592704,0.00401001097162044,0.0028583949829646773,0.002527056743170444,0.00015794104644815276,2476106095,1442965501,13116223,21.73,60360440,293985990,20170496,6.86,0.576531483,0.5827559262964457
mpi_conv,16,2048x2048,0.5394546385384615,0.019832259655738402,13,4194304,41943040,0.07775081907467848,0.03461150430769231,0.0004891789418977792,0.06416017554592704,0.00401001097162044,0.0028583949829646773,0.002527056743170444,0.00015794104644815276,1971527448,1461561602,13136854,22.72,57809850,291131465,20985824,7.21,0.523702823,0.7413346456234577
mpi_conv,16,512x512,0.525518573,0.017430245719515892,13,262144,2621440,0.004988291821990466,0.002991732307692308,0.00014289745264255336,0.005692914506548387,0.0003558071566592742,0.00016545019842323524,0.0003310471461375178,2.069044663359486e-05,1798864145,1200483781,12923018,22.62,57132170,275740719,20142156,7.3,0.518485951,0.6673565562673439
mpi_conv,16,512x512,0.525518573,0.017430245719515892,13,262144,2621440,0.004988291821990466,0.002991732307692308,0.00014289745264255336,0.005692914506548387,0.0003558071566592742,0.00016545019842323524,0.0003310471461375178,2.069044663359486e-05,2083778908,1194166334,12253769,21.46,57113596,280866575,19682556,7.01,0.528549585,0.5730772729368657
mpi_conv,16,512x512,0.525518573,0.017430245719515892,13,262144,2621440,0.004988291821990466,0.002991732307692308,0.00014289745264255336,0.005692914506548387,0.0003558071566592742,0.00016545019842323524,0.0003310471461375178,2.069044663359486e-05,1942512973,1238403399,13581016,23.71,57285128,275391569,20246144,7.35,0.552217459,0.6375264496110009
mpi_conv,16,512x512,0.525518573,0.017430245719515892,13,262144,2621440,0.004988291821990466,0.002991732307692308,0.00014289745264255336,0.005692914506548387,0.0003558071566592742,0.00016545019842323524,0.0003310471461375178,2.069044663359486e-05,2206628885,1234712736,12325217,22.25,55388284,277684081,20169134,7.26,0.556030125,0.5595470739974475
mpi_conv,16,512x512,0.525518573,0.017430245719515892,13,262144,2621440,0.004988291821990466,0.002991732307692308,0.00014289745264255336,0.005692914506548387,0.0003558071566592742,0.00016545019842323524,0.0003310471461375178,2.069044663359486e-05,1932229155,1213805723,13216319,22.96,57562134,273927142,20638782,7.53,0.533294002,0.6281893220889735
mpi_conv,16,512x512,0.525518573,0.017430245719515892,13,262144,2621440,0.004988291821990466,0.002991732307692308,0.00014289745264255336,0.005692914506548387,0.0003558071566592742,0.00016545019842323524,0.0003310471461375178,2.069044663359486e-05,1976995853,1228206164,12744581,22.73,56069601,277099010,20490569,7.39,0.529760256,0.6212487305606907
mpi_conv,16,512x512,0.525518573,0.017430245719515892,13,262144,2621440,0.004988291821990466,0.002991732307692308,0.00014289745264255336,0.005692914506548387,0.0003558071566592742,0.00016545019842323524,0.0003310471461375178,2.069044663359486e-05,1849064510,1231134014,12638108,22.39,56452074,277749972,20428118,7.35,0.522274076,0.665814528017738
parallelized,1,1024x1024,0.46226731707692303,0.010528913349130779,13,1048576,10485760,0.022683325453992955,0.009309020692307692,0.0003185941061921852,0.0201377435704775,0.0201377435704775,0.0005166507761903532,0.0008278732025638213,0.0008278732025638213,883321045,562847177,4733937,20.53,23063537,114778160,9053999,7.89,0.453316483,0.6371943476111791
parallelized,1,1024x1024,0.46226731707692303,0.010528913349130779,13,1048576,10485760,0.022683325453992955,0.009309020692307692,0.0003185941061921852,0.0201377435704775,0.0201377435704775,0.0005166507761903532,0.0008278732025638213,0.0008278732025638213,919657556,562185225,4862741,20.95,23214625,115607165,9327925,8.07,0.461853597,0.6112984353058477
parallelized,1,1024x1024,0.46226731707692303,0.010528913349130779,13,1048576,10485760,0.022683325453992955,0.009309020692307692,0.0003185941061921852,0.0201377435704775,0.0201377435704775,0.0005166507761903532,0.0008278732025638213,0.0008278732025638213,956234713,556517474,4629009,20.24,22874530,118003193,9661335,8.19,0.47186667,0.581988361679566
parallelized,1,1024x1024,0.46226731707692303,0.010528913349130779,13,1048576,10485760,0.022683325453992955,0.009309020692307692,0.0003185941061921852,0.0201377435704775,0.0201377435704775,0.0005166507761903532,0.0008278732025638213,0.0008278732025638213,899340674,570697456,4569927,19.95,22909861,113842090,9297445,8.17,0.449734697,0.6345731628724267
parallelized,1,1024x1024,0.46226731707692303,0.010528913349130779,13,1048576,10485760,0.022683325453992955,0.009309020692307692,0.0003185941061921852,0.0201377435704775,0.0201377435704775,0.0005166507761903532,0.0008278732025638213,0.0008278732025638213,949598434,565981244,4813952,20.87,23067313,117424736,9318697,7.94,0.471971925,0.5960216695134103
parallelized,1,1024x1024,0.46226731707692303,0.010528913349130779,13,1048576,10485760,0.022683325453992955,0.009309020692307692,0.0003185941061921852,0.0201377435704775,0.0201377435704775,0.0005166507761903532,0.0008278732025638213,0.0008278732025638213,974816796,545406986,4596351,20.04,22933329,116727976,9278063,7.95,0.47445573,0.5594969108431325
parallelized,1,1024x1024,0.46226731707692303,0.010528913349130779,13,1048576,10485760,0.022683325453992955,0.009309020692307692,0.0003185941061921852,0.0201377435704775,0.0201377435704775,0.0005166507761903532,0.0008278732025638213,0.0008278732025638213,993654253,537176050,4505785,19.76,22798008,119404712,9295260,7.78,0.482368295,0.5406066027274379
parallelized,1,2048x2048,0.4826120695384616,0.009649706339222389,13,4194304,41943040,0.08690839423081889,0.03461150430769231,0.0004891789418977792,0.07171703007923626,0.07171703007923626,0.0017377113745679674,0.0017560328747331412,0.0017560328747331412,1061736523,740108731,4867748,19.94,24411276,126085770,9662178,7.66,0.498346216,0.6970738172487262
parallelized,1,2048x2048,0.4826120695384616,0.009649706339222389,13,4194304,41943040,0.08690839423081889,0.03461150430769231,0.0004891789418977792,0.07171703007923626,0.07171703007923626,0.0017377113745679674,0.0017560328747331412,0.0017560328747331412,990006990,734525377,4952292,20.23,24476076,120192398,9681636,8.06,0.475818484,0.7419395867093828
parallelized,1,2048x2048,0.4826120695384616,0.009649706339222389,13,4194304,41943040,0.08690839423081889,0.03461150430769231,0.0004891789418977792,0.07171703007923626,0.07171703007923626,0.0017377113745679674,0.0017560328747331412,0.0017560328747331412,1060851389,740216480,4894078,19.72,24821946,121344045,9482284,7.81,0.497133292,0.6977569975166428
parallelized,1,2048x2048,0.4826120695384616,0.009649706339222389,13,4194304,41943040,0.08690839423081889,0.03461150430769231,0.0004891789418977792,0.07171703007923626,0.07171703007923626,0.0017377113745679674,0.0017560328747331412,0.0017560328747331412,948760394,753770673,4845603,20.27,23908171,121295081,9673522,7.98,0.468692775,0.7944794889909791
parallelized,1,2048x2048,0.4826120695384616,0.009649706339222389,13,4194304,41943040,0.08690839423081889,0.03461150430769231,0.0004891789418977792,0.07171703007923626,0.07171703007923626,0.0017377113745679674,0.0017560328747331412,0.0017560328747331412,1045510028,760353905,4735578,19.39,24420620,120719886,9627823,7.98,0.490002523,0.7272564438760218
parallelized,1,2048x2048,0.4826120695384616,0.009649706339222389,13,4194304,41943040,0.08690839423081889,0.03461150430769231,0.0004891789418977792,0.07171703007923626,0.07171703007923626,0.0017377113745679674,0.0017560328747331412,0.0017560328747331412,992974398,720808455,4525735,19.22,23542887,124608572,9894014,7.94,0.4758827,0.7259083984962923
parallelized,1,2048x2048,0.4826120695384616,0.009649706339222389,13,4194304,41943040,0.08690839423081889,0.03461150430769231,0.0004891789418977792,0.07171703007923626,0.07171703007923626,0.0017377113745679674,0.0017560328747331412,0.0017560328747331412,1029978751,746893109,4900739,20.36,24073050,120787381,9797231,8.11,0.495446787,0.7251539007720752
parallelized,1,512x512,0.45420169007692307,0.013231679866400803,13,262144,2621440,0.005771532905472095,0.002991732307692308,0.00014289745264255336,0.006586792548450517,0.006586792548450517,0.00016813472387271702,0.0003685113787956847,0.0003685113787956847,994664926,501177427,4813700,21.68,22199150,119248260,9492687,7.96,0.481317072,0.503865587193732
parallelized,1,512x512,0.45420169007692307,0.013231679866400803,13,262144,2621440,0.005771532905472095,0.002991732307692308,0.00014289745264255336,0.006586792548450517,0.006586792548450517,0.00016813472387271702,0.0003685113787956847,0.0003685113787956847,870220858,513203765,4794844,20.73,23134613,117248880,9431161,8.04,0.44856112,0.5897396738794326
parallelized,1,512x512,0.45420169007692307,0.013231679866400803,13,262144,2621440,0.005771532905472095,0.002991732307692308,0.00014289745264255336,0.006586792548450517,0.006586792548450517,0.00016813472387271702,0.0003685113787956847,0.0003685113787956847,837686386,501193061,4544909,20.69,21962837,114233514,9439042,8.26,0.447799419,0.5983063224809291
parallelized,1,512x512,0.45420169007692307,0.013231679866400803,13,262144,2621440,0.005771532905472095,0.002991732307692308,0.00014289745264255336,0.006586792548450517,0.006586792548450517,0.00016813472387271702,0.0003685113787956847,0.0003685113787956847,996196205,542654608,4633366,20.11,23043668,113079602,9285241,8.21,0.472184267,0.5447266364561186
parallelized,1,512x512,0.45420169007692307,0.013231679866400803,13,262144,2621440,0.005771532905472095,0.002991732307692308,0.00014289745264255336,0.006586792548450517,0.006586792548450517,0.00016813472387271702,0.0003685113787956847,0.0003685113787956847,964065477,516261418,4521766,19.87,22757862,112710091,9395198,8.34,0.468226992,0.5355045173970067
parallelized,1,512x512,0.45420169007692307,0.013231679866400803,13,262144,2621440,0.005771532905472095,0.002991732307692308,0.00014289745264255336,0.006586792548450517,0.006586792548450517,0.00016813472387271702,0.0003685113787956847,0.0003685113787956847,942211836,497411956,4406950,19.36,22762399,119571442,9720640,8.13,0.463844277,0.5279194518630521
parallelized,2,1024x1024,0.4641992802307692,0.011939085969764547,13,1048576,10485760,0.022588919127119658,0.009309020692307692,0.0003185941061921852,0.02005393176758021,0.010026965883790106,0.0005809811839619135,0.0008585339447869866,0.0004292669723934933,874417704,552545946,4864307,21.87,22245282,114624907,9127770,7.96,0.453445704,0.6319015997416264
parallelized,2,1024x1024,0.4641992802307692,0.011939085969764547,13,1048576,10485760,0.022588919127119658,0.009309020692307692,0.0003185941061921852,0.02005393176758021,0.010026965883790106,0.0005809811839619135,0.0008585339447869866,0.0004292669723934933,987066372,562907399,4609121,20.83,22127028,116454914,9788569,8.41,0.479188966,0.5702832301534431
parallelized,2,1024x1024,0.4641992802307692,0.011939085969764547,13,1048576,10485760,0.022588919127119658,0.009309020692307692,0.0003185941061921852,0.02005393176758021,0.010026965883790106,0.0005809811839619135,0.0008585339447869866,0.0004292669723934933,951728076,563074263,4753209,20.71,22952188,113693371,9122861,8.02,0.473088694,0.5916335529015118
parallelized,2,1024x1024,0.4641992802307692,0.011939085969764547,13,1048576,10485760,0.022588919127119658,0.009309020692307692,0.0003185941061921852,0.02005393176758021,0.010026965883790106,0.0005809811839619135,0.0008585339447869866,0.0004292669723934933,979377862,552404493,4652095,20.45,22744861,119103199,9533211,8.0,0.476626903,0.5640361237816094
parallelized,2,1024x1024,0.4641992802307692,0.011939085969764547,13,1048576,10485760,0.022588919127119658,0.009309020692307692,0.0003185941061921852,0.02005393176758021,0.010026965883790106,0.0005809811839619135,0.0008585339447869866,0.0004292669723934933,959724173,565665142,4685913,20.82,22509088,116653597,9105805,7.81,0.47834943,0.5894038703138927
parallelized,2,1024x1024,0.4641992802307692,0.011939085969764547,13,1048576,10485760,0.022588919127119658,0.009309020692307692,0.0003185941061921852,0.02005393176758021,0.010026965883790106,0.0005809811839619135,0.0008585339447869866,0.0004292669723934933,915042988,542697793,4544433,19.67,23107557,117356350,9530961,8.12,0.455937367,0.5930844781250867
parallelized,2,1024x1024,0.4641992802307692,0.011939085969764547,13,1048576,10485760,0.022588919127119658,0.009309020692307692,0.0003185941061921852,0.02005393176758021,0.010026965883790106,0.0005809811839619135,0.0008585339447869866,0.0004292669723934933,859307332,562947861,4826824,20.92,23074697,113245344,9147743,8.08,0.45212951,0.6551181865162998
parallelized,2,2048x2048,0.4811123511538462,0.010503218258624868,13,4194304,41943040,0.08717930416753694,0.03461150430769231,0.0004891789418977792,0.07194058565464789,0.035970292827323946,0.0019032212686094223,0.0018709408760464365,0.0009354704380232183,1015826904,740850028,4869514,20.08,24248801,125839263,9775169,7.77,0.488675994,0.7293073505759402
parallelized,2,2048x2048,0.4811123511538462,0.010503218258624868,13,4194304,41943040,0.08717930416753694,0.03461150430769231,0.0004891789418977792,0.07194058565464789,0.035970292827323946,0.0019032212686094223,0.0018709408760464365,0.0009354704380232183,954134146,737424516,4839894,20.13,24039629,121676393,9799628,8.05,0.469926288,0.772872995994842
parallelized,2,2048x2048,0.4811123511538462,0.010503218258624868,13,4194304,41943040,0.08717930416753694,0.03461150430769231,0.0004891789418977792,0.07194058565464789,0.035970292827323946,0.0019032212686094223,0.0018709408760464365,0.0009354704380232183,948961669,723366449,4774398,19.34,24685155,122558564,9548324,7.79,0.468783565,0.7622715148887642
parallelized,2,2048x2048,0.4811123511538462,0.010503218258624868,13,4194304,41943040,0.08717930416753694,0.03461150430769231,0.0004891789418977792,0.07194058565464789,0.035970292827323946,0.0019032212686094223,0.0018709408760464365,0.0009354704380232183,1005810146,725711588,4673422,19.35,24148552,122453311,9774678,7.98,0.485496133,0.721519454626778
parallelized,2,2048x2048,0.4811123511538462,0.010503218258624868,13,4194304,41943040,0.08717930416753694,0.03461150430769231,0.0004891789418977792,0.07194058565464789,0.035970292827323946,0.0019032212686094223,0.0018709408760464365,0.0009354704380232183,1043272873,740102740,4536925,18.63,24358664,124901507,9552552,7.65,0.488110937,0.7094047580014092
parallelized,2,2048x2048,0.4811123511538462,0.010503218258624868,13,4194304,41943040,0.08717930416753694,0.03461150430769231,0.0004891789418977792,0.07194058565464789,0.035970292827323946,0.0019032212686094223,0.0018709408760464365,0.0009354704380232183,986960621,730792327,4724379,19.21,24587943,121105661,9712314,8.02,0.472137956,0.7404472999738861
parallelized,2,2048x2048,0.4811123511538462,0.010503218258624868,13,4194304,41943040,0.08717930416753694,0.03461150430769231,0.0004891789418977792,0.07194058565464789,0.035970292827323946,0.0019032212686094223,0.0018709408760464365,0.0009354704380232183,974902768,738151305,4752296,19.37,24531194,121567653,9632558,7.92,0.469266525,0.7571537687951256
parallelized,2,512x512,0.45247119,0.012065052259008094,13,262144,2621440,0.005793606439340369,0.002991732307692308,0.00014289745264255336,0.006611984086085807,0.0033059920430429037,0.00015448533741732232,0.0003616956110680003,0.00018084780553400014,937852398,502324605,4963461,21.87,22700213,116309309,9207249,7.92,0.471270621,0.5356115803203395
parallelized,2,512x512,0.45247119,0.012065052259008094,13,262144,2621440,0.005793606439340369,0.002991732307692308,0.00014289745264255336,0.006611984086085807,0.0033059920430429037,0.00015448533741732232,0.0003616956110680003,0.00018084780553400014,858272139,506094589,4495549,19.95,22531291,117259659,9139522,7.79,0.444615547,0.5896668038061527
parallelized,2,512x512,0.45247119,0.012065052259008094,13,262144,2621440,0.005793606439340369,0.002991732307692308,0.00014289745264255336,0.006611984086085807,0.0033059920430429037,0.00015448533741732232,0.0003616956110680003,0.00018084780553400014,961691107,531575080,4798803,22.01,21804761,113156324,9408915,8.31,0.46677534,0.5527503333770559
parallelized,2,512x512,0.45247119,0.012065052259008094,13,262144,2621440,0.005793606439340369,0.002991732307692308,0.00014289745264255336,0.006611984086085807,0.0033059920430429037,0.00015448533741732232,0.0003616956110680003,0.00018084780553400014,927240520,505745912,4695625,20.66,22725889,115554338,9183176,7.95,0.468066183,0.5454312026829888
parallelized,2,512x512,0.45247119,0.012065052259008094,13,262144,2621440,0.005793606439340369,0.002991732307692308,0.00014289745264255336,0.006611984086085807,0.0033059920430429037,0.00015448533741732232,0.0003616956110680003,0.00018084780553400014,831924226,525061786,4800894,21.08,22778210,115134528,9518050,8.27,0.438673129,0.6311413582996199
parallelized,2,512x512,0.45247119,0.012065052259008094,13,262144,2621440,0.005793606439340369,0.002991732307692308,0.00014289745264255336,0.006611984086085807,0.0033059920430429037,0.00015448533741732232,0.0003616956110680003,0.00018084780553400014,854028431,505072808,4628952,20.49,22590051,118157251,9149599,7.74,0.448492442,0.5914004612335909
parallelized,4,1024x1024,0.4574758261538462,0.010682964861078524,13,1048576,10485760,0.02292090510695904,0.009309020692307692,0.0003185941061921852,0.02034866141577747,0.005087165353944367,0.0005352484433995268,0.000843086332772843,0.00021077158319321074,872303710,557569014,4612646,20.27,22754769,116336662,9313608,8.01,0.445725036,0.639191382093285
parallelized,4,1024x1024,0.4574758261538462,0.010682964861078524,13,1048576,10485760,0.02292090510695904,0.009309020692307692,0.0003185941061921852,0.02034866141577747,0.005087165353944367,0.0005352484433995268,0.000843086332772843,0.00021077158319321074,884612919,557431486,4801720,20.86,23016685,117996629,9400740,7.97,0.457006906,0.6301416970375492
parallelized,4,1024x1024,0.4574758261538462,0.010682964861078524,13,1048576,10485760,0.02292090510695904,0.009309020692307692,0.0003185941061921852,0.02034866141577747,0.005087165353944367,0.0005352484433995268,0.000843086332772843,0.00021077158319321074,903627721,566227474,4669566,20.02,23321142,115505024,9433255,8.17,0.464801874,0.626615873817355
parallelized,4,1024x1024,0.4574758261538462,0.010682964861078524,13,1048576,10485760,0.02292090510695904,0.009309020692307692,0.0003185941061921852,0.02034866141577747,0.005087165353944367,0.0005352484433995268,0.000843086332772843,0.00021077158319321074,933130002,551334773,4925947,20.79,23698479,114700169,9128486,7.96,0.471591133,0.5908445466529968
parallelized,4,1024x1024,0.4574758261538462,0.010682964861078524,13,1048576,10485760,0.02292090510695904,0.009309020692307692,0.0003185941061921852,0.02034866141577747,0.005087165353944367,0.0005352484433995268,0.000843086332772843,0.00021077158319321074,886680607,561473002,4477247,19.58,22869522,114180353,9212471,8.07,0.453503043,0.6332302720589444
parallelized,4,1024x1024,0.4574758261538462,0.010682964861078524,13,1048576,10485760,0.02292090510695904,0.009309020692307692,0.0003185941061921852,0.02034866141577747,0.005087165353944367,0.0005352484433995268,0.000843086332772843,0.00021077158319321074,941443560,568279871,4618484,19.97,23128134,118010944,9488981,8.04,0.46113406,0.6036260644238727
parallelized,4,1024x1024,0.4574758261538462,0.010682964861078524,13,1048576,10485760,0.02292090510695904,0.009309020692307692,0.0003185941061921852,0.02034866141577747,0.005087165353944367,0.0005352484433995268,0.000843086332772843,0.00021077158319321074,838866517,549450501,4588723,19.81,23165955,115514650,9388553,8.13,0.447796714,0.654991574779948
parallelized,4,2048x2048,0.485582104,0.01000311344416088,13,4194304,41943040,0.08637682413435896,0.03461150430769231,0.0004891789418977792,0.07127837707069268,0.01781959426767317,0.0017793842970010403,0.001780710095956721,0.0004451775239891803,1046364099,729269639,4897177,19.0,25777288,122491099,9497141,7.75,0.502119713,0.6969559063589394
parallelized,4,2048x2048,0.485582104,0.01000311344416088,13,4194304,41943040,0.08637682413435896,0.03461150430769231,0.0004891789418977792,0.07127837707069268,0.01781959426767317,0.0017793842970010403,0.001780710095956721,0.0004451775239891803,1025191513,733340776,4537411,18.79,24142873,122334567,9970989,8.15,0.48712704,0.7153207636825218
parallelized,4,2048x2048,0.485582104,0.01000311344416088,13,4194304,41943040,0.08637682413435896,0.03461150430769231,0.0004891789418977792,0.07127837707069268,0.01781959426767317,0.0017793842970010403,0.001780710095956721,0.0004451775239891803,1037270818,735875389,4786572,19.64,24377001,120376396,9839823,8.17,0.497034514,0.7094341961907965
parallelized,4,2048x2048,0.485582104,0.01000311344416088,13,4194304,41943040,0.08637682413435896,0.03461150430769231,0.0004891789418977792,0.07127837707069268,0.01781959426767317,0.0017793842970010403,0.001780710095956721,0.0004451775239891803,946974933,730615200,4719696,19.55,24142189,120512228,9717479,8.06,0.472212112,0.7715253852448067
parallelized,4,2048x2048,0.485582104,0.01000311344416088,13,4194304,41943040,0.08637682413435896,0.03461150430769231,0.0004891789418977792,0.07127837707069268,0.01781959426767317,0.0017793842970010403,0.001780710095956721,0.0004451775239891803,999829691,771447845,4526740,18.38,24629798,119330969,9631312,8.07,0.483542045,0.7715792518908102
parallelized,4,2048x2048,0.485582104,0.01000311344416088,13,4194304,41943040,0.08637682413435896,0.03461150430769231,0.0004891789418977792,0.07127837707069268,0.01781959426767317,0.0017793842970010403,0.001780710095956721,0.0004451775239891803,1040997097,729569171,4789394,19.34,24767971,122708042,9717992,7.92,0.495822722,0.7008368929197888
parallelized,4,2048x2048,0.485582104,0.01000311344416088,13,4194304,41943040,0.08637682413435896,0.03461150430769231,0.0004891789418977792,0.07127837707069268,0.01781959426767317,0.0017793842970010403,0.001780710095956721,0.0004451775239891803,971024310,741002297,4901777,19.85,24690041,123197075,9662637,7.84,0.476021072,0.7631140532413653
parallelized,4,512x512,0.4473853037692308,0.008517224264335963,13,262144,2621440,0.005859468288104933,0.002991732307692308,0.00014289745264255336,0.006687149270409419,0.0016717873176023547,0.00011155128489713879,0.0003438422696844234,8.596056742110585e-05,842687936,502959321,4482075,19.91,22507803,120826884,9172487,7.59,0.445834758,0.5968512180053329
parallelized,4,512x512,0.4473853037692308,0.008517224264335963,13,262144,2621440,0.005859468288104933,0.002991732307692308,0.00014289745264255336,0.006687149270409419,0.0016717873176023547,0.00011155128489713879,0.0003438422696844234,8.596056742110585e-05,809128269,515881512,4499320,20.0,22493866,113803175,9285813,8.16,0.437383801,0.6375769229241947
parallelized,4,512x512,0.4473853037692308,0.008517224264335963,13,262144,2621440,0.005859468288104933,0.002991732307692308,0.00014289745264255336,0.006687149270409419,0.0016717873176023547,0.00011155128489713879,0.0003438422696844234,8.596056742110585e-05,884094571,523735105,4666466,21.15,22063580,111958839,9179172,8.2,0.452234069,0.5923971509152045
parallelized,4,512x512,0.4473853037692308,0.008517224264335963,13,262144,2621440,0.005859468288104933,0.002991732307692308,0.00014289745264255336,0.006687149270409419,0.0016717873176023547,0.00011155128489713879,0.0003438422696844234,8.596056742110585e-05,860577357,519722928,4510648,20.45,22053562,113476367,9057584,7.98,0.443403827,0.6039235447836678
parallelized,4,512x512,0.4473853037692308,0.008517224264335963,13,262144,2621440,0.005859468288104933,0.002991732307692308,0.00014289745264255336,0.006687149270409419,0.0016717873176023547,0.00011155128489713879,0.0003438422696844234,8.596056742110585e-05,843589142,502492732,4645123,19.93,23303464,114976668,9286747,8.08,0.444670652,0.5956605022305989
parallelized,4,512x512,0.4473853037692308,0.008517224264335963,13,262144,2621440,0.005859468288104933,0.002991732307692308,0.00014289745264255336,0.006687149270409419,0.0016717873176023547,0.00011155128489713879,0.0003438422696844234,8.596056742110585e-05,838304165,508409209,4750316,20.99,22635494,114590493,9408596,8.21,0.447435077,0.6064734379555421
parallelized,8,1024x1024,0.4545826990769231,0.010417895388674533,13,1048576,10485760,0.023066781954729935,0.009309020692307692,0.0003185941061921852,0.02047816758361155,0.0025597709479514437,0.000528632791889596,0.0008434692637212533,0.00010543365796515666,885975946,573860555,4618460,20.6,22420730,113646969,9373719,8.25,0.456318822,0.647715728164927
parallelized,8,1024x1024,0.4545826990769231,0.010417895388674533,13,1048576,10485760,0.023066781954729935,0.009309020692307692,0.0003185941061921852,0.02047816758361155,0.0025597709479514437,0.000528632791889596,0.0008434692637212533,0.00010543365796515666,859876397,547382006,4561082,19.54,23341079,116019152,9130275,7.87,0.450548476,0.6365821970573289
parallelized,8,1024x1024,0.4545826990769231,0.010417895388674533,13,1048576,10485760,0.023066781954729935,0.009309020692307692,0.0003185941061921852,0.02047816758361155,0.0025597709479514437,0.000528632791889596,0.0008434692637212533,0.00010543365796515666,947569922,562851209,4837827,21.91,22076449,114847419,9461236,8.24,0.469541888,0.593994380712308
parallelized,8,1024x1024,0.4545826990769231,0.010417895388674533,13,1048576,10485760,0.023066781954729935,0.009309020692307692,0.0003185941061921852,0.02047816758361155,0.0025597709479514437,0.000528632791889596,0.0008434692637212533,0.00010543365796515666,860505445,546016271,4562058,20.22,22566805,114806842,9418545,8.2,0.442752272,0.6345297106167643
parallelized,8,1024x1024,0.4545826990769231,0.010417895388674533,13,1048576,10485760,0.023066781954729935,0.009309020692307692,0.0003185941061921852,0.02047816758361155,0.0025597709479514437,0.000528632791889596,0.0008434692637212533,0.00010543365796515666,935681843,554890349,4610951,20.71,22268988,117408860,9441408,8.04,0.468725502,0.5930331481274667
parallelized,8,1024x1024,0.4545826990769231,0.010417895388674533,13,1048576,10485760,0.023066781954729935,0.009309020692307692,0.0003185941061921852,0.02047816758361155,0.0025597709479514437,0.000528632791889596,0.0008434692637212533,0.00010543365796515666,922369572,543124641,4660044,20.76,22447657,114448251,9336220,8.16,0.458276554,0.5888362512027879
parallelized,8,2048x2048,0.48070418769230766,0.013604771402252525,13,4194304,41943040,0.08725332766779885,0.03461150430769231,0.0004891789418977792,0.07200167003713867,0.009000208754642334,0.002469422167310223,0.0022777382316532583,0.0002847172789566573,987668775,723506373,4534621,18.06,25102740,122134596,9511811,7.79,0.479777607,0.732539482176097
parallelized,8,2048x2048,0.48070418769230766,0.013604771402252525,13,4194304,41943040,0.08725332766779885,0.03461150430769231,0.0004891789418977792,0.07200167003713867,0.009000208754642334,0.002469422167310223,0.0022777382316532583,0.0002847172789566573,973618830,728168965,4984389,20.25,24619826,122424309,9509490,7.77,0.475236795,0.7478994269246004
parallelized,8,2048x2048,0.48070418769230766,0.013604771402252525,13,4194304,41943040,0.08725332766779885,0.03461150430769231,0.0004891789418977792,0.07200167003713867,0.009000208754642334,0.002469422167310223,0.0022777382316532583,0.0002847172789566573,1062257488,729632249,4691819,18.19,25798802,126418189,9531133,7.54,0.516224256,0.6868694805566765
parallelized,8,2048x2048,0.48070418769230766,0.013604771402252525,13,4194304,41943040,0.08725332766779885,0.03461150430769231,0.0004891789418977792,0.07200167003713867,0.009000208754642334,0.002469422167310223,0.0022777382316532583,0.0002847172789566573,913988992,746214774,4832750,19.62,24631863,122053241,9641495,7.9,0.462630848,0.8164373756483929
parallelized,8,2048x2048,0.48070418769230766,0.013604771402252525,13,4194304,41943040,0.08725332766779885,0.03461150430769231,0.0004891789418977792,0.07200167003713867,0.009000208754642334,0.002469422167310223,0.0022777382316532583,0.0002847172789566573,1056793432,728631634,4966681,20.12,24689335,121736203,9367275,7.69,0.489467837,0.6894740371550682
parallelized,8,2048x2048,0.48070418769230766,0.013604771402252525,13,4194304,41943040,0.08725332766779885,0.03461150430769231,0.0004891789418977792,0.07200167003713867,0.009000208754642334,0.002469422167310223,0.0022777382316532583,0.0002847172789566573,996829137,760722980,4706520,18.69,25183440,123084432,9634352,7.83,0.483858376,0.7631428012722706
parallelized,8,2048x2048,0.48070418769230766,0.013604771402252525,13,4194304,41943040,0.08725332766779885,0.03461150430769231,0.0004891789418977792,0.07200167003713867,0.009000208754642334,0.002469422167310223,0.0022777382316532583,0.0002847172789566573,933707393,733344262,4381871,18.45,23752301,120377171,9579275,7.96,0.472857346,0.7854112192940513
parallelized,8,512x512,0.45435552469230767,0.011620236356870093,13,262144,2621440,0.005769578793556556,0.002991732307692308,0.00014289745264255336,0.006584562407859632,0.000823070300982454,0.00014755816891654414,0.0003567533947919642,4.459417434899553e-05,915798531,519678556,4613187,20.29,22737320,113054596,9032643,7.99,0.456398572,0.567459477612986
parallelized,8,512x512,0.45435552469230767,0.011620236356870093,13,262144,2621440,0.005769578793556556,0.002991732307692308,0.00014289745264255336,0.006584562407859632,0.000823070300982454,0.00014755816891654414,0.0003567533947919642,4.459417434899553e-05,934199745,493113474,4482641,19.62,22848614,113422748,9289395,8.19,0.45850606,0.5278458666245943
parallelized,8,512x512,0.45435552469230767,0.011620236356870093,13,262144,2621440,0.005769578793556556,0.002991732307692308,0.00014289745264255336,0.006584562407859632,0.000823070300982454,0.00014755816891654414,0.0003567533947919642,4.459417434899553e-05,921342492,503964629,4043831,17.97,22504102,115054048,9496602,8.25,0.463925229,0.5469894565548812
parallelized,8,512x512,0.45435552469230767,0.011620236356870093,13,262144,2621440,0.005769578793556556,0.002991732307692308,0.00014289745264255336,0.006584562407859632,0.000823070300982454,0.00014755816891654414,0.0003567533947919642,4.459417434899553e-05,841235899,533202891,4640728,20.93,22172230,112516459,9150158,8.13,0.447578644,0.6338327829730434
parallelized,8,512x512,0.45435552469230767,0.011620236356870093,13,262144,2621440,0.005769578793556556,0.002991732307692308,0.00014289745264255336,0.006584562407859632,0.000823070300982454,0.00014755816891654414,0.0003567533947919642,4.459417434899553e-05,848783633,501720821,4657067,20.54,22674221,114656992,9583525,8.36,0.44555908,0.5911056734525888
parallelized,8,512x512,0.45435552469230767,0.011620236356870093,13,262144,2621440,0.005769578793556556,0.002991732307692308,0.00014289745264255336,0.006584562407859632,0.000823070300982454,0.00014755816891654414,0.0003567533947919642,4.459417434899553e-05,906527742,507915542,4388761,19.7,22275489,111004664,9044954,8.15,0.449745473,0.5602868158005031
parallelized,16,1024x1024,0.4633577097692308,0.012632662278420782,13,1048576,10485760,0.022629946106264846,0.009309020692307692,0.0003185941061921852,0.02009035459223054,0.0012556471620144088,0.0006169671088060328,0.0008790731996738227,5.494207497961392e-05,944810745,558688722,4266828,18.4,23194446,118745729,9220319,7.76,0.470527808,0.5913234210730742
parallelized,16,1024x1024,0.4633577097692308,0.012632662278420782,13,1048576,10485760,0.022629946106264846,0.009309020692307692,0.0003185941061921852,0.02009035459223054,0.0012556471620144088,0.0006169671088060328,0.0008790731996738227,5.494207497961392e-05,929532986,564213014,4971931,21.4,23232068,115961422,9407187,8.11,0.46515747,0.6069854674312762
parallelized,16,1024x1024,0.4633577097692308,0.012632662278420782,13,1048576,10485760,0.022629946106264846,0.009309020692307692,0.0003185941061921852,0.02009035459223054,0.0012556471620144088,0.0006169671088060328,0.0008790731996738227,5.494207497961392e-05,991034207,560597167,4404876,19.82,22229501,112901799,9518189,8.43,0.475016982,0.5656688366963705
parallelized,16,1024x1024,0.4633577097692308,0.012632662278420782,13,1048576,10485760,0.022629946106264846,0.009309020692307692,0.0003185941061921852,0.02009035459223054,0.0012556471620144088,0.0006169671088060328,0.0008790731996738227,5.494207497961392e-05,888612685,545850372,4587873,20.07,22864522,113613920,9449676,8.32,0.457303498,0.6142725410227516
parallelized,16,1024x1024,0.4633577097692308,0.012632662278420782,13,1048576,10485760,0.022629946106264846,0.009309020692307692,0.0003185941061921852,0.02009035459223054,0.0012556471620144088,0.0006169671088060328,0.0008790731996738227,5.494207497961392e-05,1015267896,555966755,4437498,19.58,22665890,120900690,9706824,8.03,0.4657058,0.5476059640912747
parallelized,16,1024x1024,0.4633577097692308,0.012632662278420782,13,1048576,10485760,0.022629946106264846,0.009309020692307692,0.0003185941061921852,0.02009035459223054,0.0012556471620144088,0.0006169671088060328,0.0008790731996738227,5.494207497961392e-05,950000356,558032366,4783251,21.46,22291889,116561314,9688954,8.31,0.469627384,0.5874022704050439
parallelized,16,2048x2048,0.47957864069230766,0.01126636198721035,13,4194304,41943040,0.08745810684865382,0.03461150430769231,0.0004891789418977792,0.07217065434300413,0.004510665896437758,0.0020545841846723,0.0019786312290416093,0.00012366445181510058,1006937831,738464536,4972997,21.38,23257186,121562411,10287971,8.46,0.487056021,0.7333764938264595
parallelized,16,2048x2048,0.47957864069230766,0.01126636198721035,13,4194304,41943040,0.08745810684865382,0.03461150430769231,0.0004891789418977792,0.07217065434300413,0.004510665896437758,0.0020545841846723,0.0019786312290416093,0.00012366445181510058,972846753,725628220,4733767,18.87,25084876,122247927,9701788,7.94,0.475699757,0.7458813197066815
parallelized,16,2048x2048,0.47957864069230766,0.01126636198721035,13,4194304,41943040,0.08745810684865382,0.03461150430769231,0.0004891789418977792,0.07217065434300413,0.004510665896437758,0.0020545841846723,0.0019786312290416093,0.00012366445181510058,941110259,726623583,4781164,19.5,24524488,121774848,9534864,7.83,0.467639629,0.7720918734560304
parallelized,16,2048x2048,0.47957864069230766,0.01126636198721035,13,4194304,41943040,0.08745810684865382,0.03461150430769231,0.0004891789418977792,0.07217065434300413,0.004510665896437758,0.0020545841846723,0.0019786312290416093,0.00012366445181510058,1053061051,726745025,4829496,19.57,24676291,123790536,9693343,7.83,0.47733759,0.6901262033287375
parallelized,16,2048x2048,0.47957864069230766,0.01126636198721035,13,4194304,41943040,0.08745810684865382,0.03461150430769231,0.0004891789418977792,0.07217065434300413,0.004510665896437758,0.0020545841846723,0.0019786312290416093,0.00012366445181510058,1027399531,733806343,4696654,19.0,24715552,124118221,9583512,7.72,0.48763689,0.7142365952666568
parallelized,16,2048x2048,0.47957864069230766,0.01126636198721035,13,4194304,41943040,0.08745810684865382,0.03461150430769231,0.0004891789418977792,0.07217065434300413,0.004510665896437758,0.0020545841846723,0.0019786312290416093,0.00012366445181510058,990745250,749688153,4847603,19.37,25023171,122854475,9939790,8.09,0.474880425,0.7566911403309782
parallelized,16,2048x2048,0.47957864069230766,0.01126636198721035,13,4194304,41943040,0.08745810684865382,0.03461150430769231,0.0004891789418977792,0.07217065434300413,0.004510665896437758,0.0020545841846723,0.0019786312290416093,0.00012366445181510058,972298501,738110663,4698953,18.75,25056880,124493399,9596722,7.71,0.472140703,0.7591399783511545
parallelized,16,512x512,0.45090999107692303,0.01212271869699358,13,262144,2621440,0.005813665813301517,0.002991732307692308,0.00014289745264255336,0.00663487695304124,0.0004146798095650775,0.0001563004516370532,0.00036366235384586884,2.2728897115366803e-05,963061043,525158528,4780943,21.34,22400566,113500215,9183410,8.09,0.461707807,0.5453013926968698
parallelized,16,512x512,0.45090999107692303,0.01212271869699358,13,262144,2621440,0.005813665813301517,0.002991732307692308,0.00014289745264255336,0.00663487695304124,0.0004146798095650775,0.0001563004516370532,0.00036366235384586884,2.2728897115366803e-05,830331229,525087406,4500649,20.36,22107321,112779861,9281891,8.23,0.440263571,0.6323830631209464
parallelized,16,512x512,0.45090999107692303,0.01212271869699358,13,262144,2621440,0.005813665813301517,0.002991732307692308,0.00014289745264255336,0.00663487695304124,0.0004146798095650775,0.0001563004516370532,0.00036366235384586884,2.2728897115366803e-05,958149919,527231315,4502229,19.21,23438169,112286366,8979421,8.0,0.465840566,0.5502597292397203
parallelized,16,512x512,0.45090999107692303,0.01212271869699358,13,262144,2621440,0.005813665813301517,0.002991732307692308,0.00014289745264255336,0.00663487695304124,0.0004146798095650775,0.0001563004516370532,0.00036366235384586884,2.2728897115366803e-05,803173358,499043502,4741444,20.83,22760307,115822717,9064118,7.83,0.433787298,0.6213397108224299
parallelized,16,512x512,0.45090999107692303,0.01212271869699358,13,262144,2621440,0.005813665813301517,0.002991732307692308,0.00014289745264255336,0.00663487695304124,0.0004146798095650775,0.0001563004516370532,0.00036366235384586884,2.2728897115366803e-05,917088923,515562350,4828472,21.15,22833805,112931759,9018136,7.99,0.458354536,0.5621726934760938
parallelized,16,512x512,0.45090999107692303,0.01212271869699358,13,262144,2621440,0.005813665813301517,0.002991732307692308,0.00014289745264255336,0.00663487695304124,0.0004146798095650775,0.0001563004516370532,0.00036366235384586884,2.2728897115366803e-05,941925203,519537572,4720706,21.52,21940031,115137288,9217281,8.01,0.463303295,0.551569880862398
parallelized,16,512x512,0.45090999107692303,0.01212271869699358,13,262144,2621440,0.005813665813301517,0.002991732307692308,0.00014289745264255336,0.00663487695304124,0.0004146798095650775,0.0001563004516370532,0.00036366235384586884,2.2728897115366803e-05,970474551,496517667,4683760,20.7,22622940,115698125,9593961,8.29,0.470391305,0.5116235830072787
serialized,1,1024x1024,0.009309020692307692,0.0003185941061921852,13,1048576,10485760,1.1264084962948553,0.009309020692307692,0.0003185941061921852,1.0,1.0,0.0385504684054344,0.04840037644791498,0.04840037644791498,37925513,72873029,112134,9.43,1188560,4130280,352228,8.53,0.009043922,1.9214777398001182
serialized,1,2048x2048,0.03461150430769231,0.0004891789418977792,13,4194304,41943040,1.211823664962123,0.03461150430769231,0.0004891789418977792,1.0,1.0,0.017127213337015012,0.01998767484675343,0.01998767484675343,147129770,287441506,293576,7.0,4196676,15347407,1212033,7.9,0.034519053,1.9536597250169017
serialized,1,2048x2048,0.03461150430769231,0.0004891789418977792,13,4194304,41943040,1.211823664962123,0.03461150430769231,0.0004891789418977792,1.0,1.0,0.017127213337015012,0.01998767484675343,0.01998767484675343,145834879,288085272,306319,7.44,4118174,15348049,1254134,8.17,0.034186302,1.975420927938645
serialized,1,512x512,0.002991732307692308,0.00014289745264255336,13,262144,2621440,0.8762281281850597,0.002991732307692308,0.00014289745264255336,1.0,1.0,0.041852263028165075,0.06754866237064758,0.06754866237064758,11280390,22648735,67018,18.4,364310,1204922,106426,8.83,0.002969589,2.007797159495372
